{
  "project_info": {
    "project_number": "701526155023",
    "project_id": "arraariatudb-400e2",
    "storage_bucket": "arraariatudb-400e2.appspot.com"
  },
  "client": [
    {
      "client_info": {
        "mobilesdk_app_id": "1:701526155023:android:cad0f4dcb9bbbf2da7e87a",
        "android_client_info": {
          "package_name": "com.aplication.aplicationunab_v2"
        }
      },
      "oauth_client": [
        {
          "client_id": "701526155023-nditiumhajgbuml0oog7gbdvemnbqncr.apps.googleusercontent.com",
          "client_type": 3
        }
      ],
      "api_key": [
        {
          "current_key": "AIzaSyANYeVpzVE-QdNQV3klOEWJtucb582QSOM"
        }
      ],
      "services": {
        "appinvite_service": {
          "other_platform_oauth_client": [
            {
              "client_id": "701526155023-nditiumhajgbuml0oog7gbdvemnbqncr.apps.googleusercontent.com",
              "client_type": 3
            }
          ]
        }
      }
    },
    {
      "client_info": {
        "mobilesdk_app_id": "1:701526155023:android:f94237e93447943aa7e87a",
        "android_client_info": {
          "package_name": "com.arraariatu.connect"
        }
      },
      "oauth_client": [
        {
          "client_id": "701526155023-nditiumhajgbuml0oog7gbdvemnbqncr.apps.googleusercontent.com",
          "client_type": 3
        }
      ],
      "api_key": [
        {
          "current_key": "AIzaSyANYeVpzVE-QdNQV3klOEWJtucb582QSOM"
        }
      ],
      "services": {
        "appinvite_service": {
          "other_platform_oauth_client": [
            {
              "client_id": "701526155023-nditiumhajgbuml0oog7gbdvemnbqncr.apps.googleusercontent.com",
              "client_type": 3
            }
          ]
        }
      }
    }
  ],
  "configuration_version": "1"
}